cluster,mm1_tot_pft_rt,mm3_tot_pft_rt,yr1_tot_pft_rt,acl_pft_rt_z_sor,ifo_rt_z_sor,shpr_z_sor,crr_z_sor,trk_err_z_sor,mxdd_z_sor,vty_z_sor,dividend_num,dividend_total,cus_cgr_act_cnt_rt_12,cus_cgr_act_cnt_rt_21,cus_cgr_act_cnt_rt_22,cus_cgr_act_cnt_rt_23,cus_cgr_act_cnt_rt_24,cus_cgr_act_cnt_rt_25,cus_cgr_act_cnt_rt_31,cus_cgr_act_cnt_rt_32,cus_cgr_act_cnt_rt_33,cus_cgr_act_cnt_rt_34,top5_pct
0,2.007208387096774,5.657131935483871,28.72419,75.61078574044436,76.1817485239407,73.40221627602992,53.66333231529795,43.96491273164196,56.24122214381426,55.97095903977282,3.725806451612903,1.521864548387097,99.44977193548388,22.229732258064516,33.26077580645161,20.983311290322582,19.17508677419355,4.351086129032258,61.06077774193548,19.669322258064515,18.15754935483871,1.11235,25.885451612903225
1,-0.05821283582089551,4.516769850746269,36.70323373134329,87.54445182641054,88.69575608919786,55.57187187125249,29.498323299234887,82.02611281184177,22.34582394412188,18.642419018075508,3.5074626865671643,0.7519394029850746,97.91287820895522,19.02446955223881,28.52624686567164,29.00540328358209,14.254521492537314,9.074534328358208,50.76030805970149,23.972585970149254,22.964210149253734,2.2638256716417913,39.889507462686566
2,-0.7076868852459015,1.9039003278688524,14.688788524590162,32.2053613473891,41.42791166407189,20.999738285315512,49.998167636396786,74.7215196778853,23.720243250786634,24.834815911821828,3.721311475409836,0.9864754644808744,98.5466118032787,17.145048852459016,31.70960950819672,25.48281180327869,17.640851475409836,8.021674426229508,54.73409803278689,22.860561967213116,19.05499770491803,3.3503377049180334,16.975147540983606
3,2.0588612698412696,4.5002707936507935,17.816149523809525,35.11112590899368,34.26900898523814,38.56769331744949,69.08853392258378,35.637629745917856,51.41707338634885,62.89645769410498,6.920634920634921,2.1947656749811038,97.49180888888888,24.334870476190474,26.298294285714285,28.27644793650794,16.593376825396824,4.497006666666667,54.06410380952381,26.90833365079365,17.644404444444444,1.383155238095238,24.80809523809525
